{
    "name": "eurosat/rgb",
    "full_name": "eurosat/rgb/2.0.0",
    "size_mb": 89,
    "num_examples": 27000,
    "num_classes": 10,
    "num_channels": 3,
    "min_pixel_value": 0,
    "max_pixel_value": 255,
    "mean_pixel_value": 95.42603008355042,
    "mean_std_pixel_value": 24.35560047825929,
    "mean_pixel_value_per_channel": [
        86.6435762532552,
        96.99543860315393,
        102.6390753942419
    ],
    "mean_std_pixel_value_per_channel": [
        23.72845882728763,
        16.880060742798854,
        14.335929884293364
    ],
    "is_uniform_across_examples": true,
    "is_square": true,
    "max_x_dim": 64,
    "max_y_dim": 64,
    "max_dim": 64,
    "min_x_dim": 64,
    "min_y_dim": 64,
    "min_dim": 64,
    "mean_x_dim": 64.0,
    "mean_y_dim": 64.0,
    "mean_dim": 64.0,
    "std_x_dim": 0.0,
    "std_y_dim": 0.0,
    "std_dim": 0.0,
    "max_examples_per_class": 3000,
    "min_examples_per_class": 2000,
    "mean_examples_per_class": 2700.0,
    "std_examples_per_class": 331.66247903554,
    "examples_per_class": [
        3000,
        3000,
        3000,
        2500,
        2500,
        2000,
        2500,
        3000,
        2500,
        3000
    ]
}
