{
    "name": "caltech_birds2011",
    "full_name": "caltech_birds2011/0.1.0",
    "size_mb": 1134,
    "num_examples": 11788,
    "num_classes": 200,
    "num_channels": 3,
    "min_pixel_value": 0,
    "max_pixel_value": 255,
    "mean_pixel_value": 119.68943241496444,
    "mean_std_pixel_value": 51.21432771255848,
    "mean_pixel_value_per_channel": [
        122.81798951788623,
        127.39322087105465,
        108.8570868559523
    ],
    "mean_std_pixel_value_per_channel": [
        46.730490916102966,
        46.45045821421187,
        49.50273289586807
    ],
    "is_uniform_across_examples": false,
    "is_square": false,
    "max_x_dim": 500,
    "max_y_dim": 500,
    "max_dim": 500,
    "min_x_dim": 120,
    "min_y_dim": 121,
    "min_dim": 120,
    "mean_x_dim": 386.02994570749917,
    "mean_y_dim": 467.88683406854426,
    "mean_dim": 426.9583898880217,
    "std_x_dim": 70.88730047004573,
    "std_y_dim": 63.92778246272305,
    "std_dim": 78.93682861823146,
    "max_examples_per_class": 60,
    "min_examples_per_class": 41,
    "mean_examples_per_class": 58.94,
    "std_examples_per_class": 2.911425767557882,
    "examples_per_class": [
        60,
        60,
        58,
        60,
        44,
        41,
        53,
        48,
        59,
        60,
        60,
        56,
        60,
        60,
        58,
        58,
        57,
        45,
        59,
        59,
        60,
        56,
        59,
        52,
        60,
        60,
        60,
        59,
        60,
        60,
        60,
        53,
        59,
        59,
        60,
        60,
        59,
        60,
        59,
        60,
        60,
        60,
        59,
        60,
        60,
        60,
        60,
        60,
        60,
        60,
        60,
        60,
        60,
        60,
        60,
        60,
        60,
        58,
        60,
        59,
        60,
        60,
        60,
        60,
        50,
        60,
        60,
        60,
        60,
        60,
        60,
        60,
        60,
        60,
        57,
        60,
        60,
        59,
        60,
        60,
        60,
        60,
        60,
        53,
        60,
        60,
        60,
        60,
        60,
        60,
        60,
        60,
        60,
        60,
        60,
        60,
        59,
        60,
        60,
        60,
        50,
        60,
        60,
        60,
        49,
        60,
        59,
        60,
        60,
        60,
        60,
        60,
        50,
        60,
        59,
        60,
        59,
        60,
        59,
        60,
        60,
        60,
        60,
        59,
        59,
        59,
        60,
        60,
        60,
        60,
        60,
        60,
        60,
        60,
        59,
        60,
        60,
        60,
        60,
        60,
        58,
        60,
        60,
        60,
        60,
        60,
        60,
        60,
        59,
        60,
        51,
        60,
        59,
        60,
        60,
        60,
        59,
        60,
        60,
        59,
        60,
        60,
        60,
        60,
        60,
        59,
        60,
        59,
        59,
        60,
        60,
        60,
        60,
        60,
        60,
        60,
        60,
        56,
        59,
        60,
        59,
        60,
        60,
        60,
        60,
        60,
        50,
        60,
        60,
        58,
        60,
        60,
        60,
        60,
        60,
        59,
        60,
        60,
        60,
        60
    ]
}
