{
    "name": "caltech101",
    "full_name": "caltech101/3.0.0",
    "size_mb": 125,
    "num_examples": 9144,
    "num_classes": 102,
    "num_channels": 3,
    "min_pixel_value": 0,
    "max_pixel_value": 255,
    "mean_pixel_value": 134.06150728703687,
    "mean_std_pixel_value": 65.72102479113306,
    "mean_pixel_value_per_channel": [
        138.98006676424043,
        135.49810958948984,
        127.70634550738119
    ],
    "mean_std_pixel_value_per_channel": [
        63.68120748203433,
        62.865250702219505,
        63.3021619777643
    ],
    "is_uniform_across_examples": false,
    "is_square": false,
    "max_x_dim": 3999,
    "max_y_dim": 3481,
    "max_dim": 3999,
    "min_x_dim": 92,
    "min_y_dim": 80,
    "min_dim": 80,
    "mean_x_dim": 244.65573053368328,
    "mean_y_dim": 301.66688538932635,
    "mean_dim": 273.1613079615048,
    "std_x_dim": 93.85583978307746,
    "std_y_dim": 96.88260417077787,
    "std_dim": 99.5497200932413,
    "max_examples_per_class": 800,
    "min_examples_per_class": 31,
    "mean_examples_per_class": 89.6470588235294,
    "std_examples_per_class": 123.04109365022565,
    "examples_per_class": [
        55,
        800,
        42,
        42,
        467,
        47,
        54,
        46,
        33,
        128,
        98,
        43,
        85,
        91,
        50,
        43,
        123,
        47,
        59,
        62,
        107,
        47,
        69,
        73,
        70,
        50,
        51,
        57,
        67,
        52,
        65,
        68,
        75,
        64,
        53,
        64,
        85,
        435,
        435,
        67,
        67,
        45,
        34,
        34,
        51,
        99,
        100,
        42,
        54,
        88,
        80,
        31,
        64,
        86,
        114,
        61,
        81,
        200,
        78,
        41,
        66,
        43,
        40,
        87,
        32,
        76,
        798,
        55,
        35,
        39,
        47,
        38,
        45,
        53,
        34,
        57,
        82,
        59,
        49,
        40,
        63,
        39,
        84,
        57,
        35,
        64,
        45,
        86,
        59,
        64,
        35,
        85,
        49,
        86,
        75,
        239,
        37,
        59,
        34,
        56,
        39,
        60
    ]
}
