{
    "name": "caltech_birds2010",
    "full_name": "caltech_birds2010/0.1.0",
    "size_mb": 659,
    "num_examples": 6033,
    "num_classes": 200,
    "num_channels": 3,
    "min_pixel_value": 0,
    "max_pixel_value": 255,
    "mean_pixel_value": 118.08600233065907,
    "mean_std_pixel_value": 52.660572103615415,
    "mean_pixel_value_per_channel": [
        120.85027288188229,
        125.96665851940874,
        107.44107559068604
    ],
    "mean_std_pixel_value_per_channel": [
        48.23549489360785,
        47.85265219343561,
        51.278656540209255
    ],
    "is_uniform_across_examples": false,
    "is_square": false,
    "max_x_dim": 500,
    "max_y_dim": 500,
    "max_dim": 500,
    "min_x_dim": 121,
    "min_y_dim": 162,
    "min_dim": 121,
    "mean_x_dim": 397.3049892259241,
    "mean_y_dim": 474.2187966185977,
    "mean_dim": 435.7618929222609,
    "std_x_dim": 68.19654372572928,
    "std_y_dim": 52.8052431051806,
    "std_dim": 72.10072523682122,
    "max_examples_per_class": 39,
    "min_examples_per_class": 20,
    "mean_examples_per_class": 30.165,
    "std_examples_per_class": 4.871116401811806,
    "examples_per_class": [
        36,
        26,
        26,
        35,
        25,
        28,
        33,
        32,
        26,
        27,
        27,
        28,
        25,
        33,
        32,
        28,
        25,
        20,
        33,
        35,
        31,
        21,
        26,
        22,
        28,
        25,
        28,
        35,
        27,
        31,
        37,
        32,
        36,
        27,
        32,
        38,
        36,
        33,
        32,
        31,
        37,
        24,
        33,
        22,
        28,
        35,
        25,
        33,
        33,
        37,
        30,
        30,
        37,
        30,
        27,
        22,
        21,
        27,
        24,
        35,
        27,
        26,
        22,
        26,
        32,
        30,
        24,
        24,
        34,
        28,
        28,
        29,
        35,
        35,
        37,
        25,
        36,
        35,
        31,
        23,
        37,
        33,
        36,
        22,
        32,
        36,
        23,
        32,
        33,
        28,
        30,
        28,
        36,
        35,
        24,
        36,
        34,
        29,
        30,
        31,
        26,
        33,
        26,
        30,
        20,
        32,
        27,
        31,
        29,
        24,
        36,
        28,
        34,
        37,
        34,
        28,
        33,
        31,
        28,
        33,
        34,
        25,
        33,
        34,
        33,
        28,
        34,
        23,
        39,
        20,
        38,
        25,
        35,
        37,
        23,
        24,
        31,
        33,
        26,
        20,
        34,
        21,
        38,
        33,
        26,
        26,
        25,
        34,
        32,
        27,
        27,
        34,
        37,
        34,
        35,
        34,
        31,
        32,
        35,
        22,
        35,
        36,
        35,
        26,
        29,
        34,
        26,
        32,
        25,
        34,
        22,
        30,
        31,
        31,
        29,
        36,
        35,
        25,
        31,
        35,
        32,
        21,
        36,
        29,
        37,
        33,
        29,
        39,
        37,
        22,
        29,
        38,
        34,
        24,
        33,
        25,
        32,
        25,
        36,
        23
    ]
}
