{
    "name": "cars196",
    "full_name": "cars196/2.0.0",
    "size_mb": 1866,
    "num_examples": 16185,
    "num_classes": 196,
    "num_channels": 3,
    "min_pixel_value": 0,
    "max_pixel_value": 255,
    "mean_pixel_value": 116.89646413796397,
    "mean_std_pixel_value": 68.81101876503755,
    "mean_pixel_value_per_channel": [
        118.8340113720129,
        117.10851061392482,
        114.74687042795424
    ],
    "mean_std_pixel_value_per_channel": [
        67.95729012840587,
        67.66091283503688,
        68.892590509954
    ],
    "is_uniform_across_examples": false,
    "is_square": false,
    "max_x_dim": 5400,
    "max_y_dim": 7800,
    "max_dim": 7800,
    "min_x_dim": 41,
    "min_y_dim": 78,
    "min_dim": 41,
    "mean_x_dim": 483.2458449181341,
    "mean_y_dim": 700.4925548347235,
    "mean_dim": 591.8691998764288,
    "std_x_dim": 318.3017136222255,
    "std_y_dim": 453.22496665078415,
    "std_dim": 406.40307440719556,
    "max_examples_per_class": 136,
    "min_examples_per_class": 48,
    "mean_examples_per_class": 82.5765306122449,
    "std_examples_per_class": 8.667865836953768,
    "examples_per_class": [
        89,
        64,
        86,
        84,
        81,
        89,
        78,
        90,
        82,
        66,
        76,
        73,
        82,
        85,
        86,
        87,
        81,
        85,
        81,
        92,
        84,
        85,
        79,
        90,
        79,
        68,
        71,
        82,
        85,
        83,
        88,
        83,
        84,
        89,
        82,
        82,
        77,
        81,
        73,
        78,
        71,
        69,
        92,
        89,
        65,
        87,
        70,
        85,
        75,
        84,
        86,
        82,
        89,
        80,
        79,
        93,
        75,
        88,
        89,
        73,
        86,
        74,
        88,
        59,
        90,
        83,
        77,
        80,
        76,
        85,
        70,
        90,
        89,
        87,
        88,
        87,
        81,
        75,
        97,
        86,
        90,
        90,
        81,
        84,
        87,
        85,
        88,
        79,
        88,
        82,
        77,
        80,
        78,
        87,
        91,
        82,
        84,
        92,
        55,
        67,
        84,
        78,
        79,
        85,
        87,
        83,
        89,
        88,
        89,
        86,
        84,
        91,
        85,
        90,
        90,
        75,
        85,
        83,
        136,
        85,
        89,
        80,
        89,
        78,
        87,
        84,
        82,
        78,
        77,
        82,
        84,
        87,
        84,
        67,
        84,
        48,
        87,
        79,
        85,
        84,
        68,
        65,
        80,
        93,
        88,
        86,
        89,
        90,
        85,
        72,
        87,
        71,
        89,
        85,
        85,
        78,
        73,
        58,
        72,
        88,
        96,
        91,
        73,
        87,
        89,
        82,
        95,
        84,
        77,
        88,
        92,
        88,
        87,
        82,
        61,
        77,
        88,
        83,
        90,
        85,
        76,
        92,
        84,
        81,
        77,
        77,
        87,
        87,
        81,
        86,
        92,
        85,
        83,
        91,
        86,
        80
    ]
}
