{
    "name": "oxford_flowers102",
    "full_name": "oxford_flowers102/2.0.0",
    "size_mb": 336,
    "num_examples": 8189,
    "num_classes": 102,
    "num_channels": 3,
    "min_pixel_value": 0,
    "max_pixel_value": 255,
    "mean_pixel_value": 92.82065798652444,
    "mean_std_pixel_value": 65.27168626394435,
    "mean_pixel_value_per_channel": [
        109.9332134352669,
        96.36985573887749,
        72.15890478542858
    ],
    "mean_std_pixel_value_per_channel": [
        67.62888611970287,
        54.14465679742413,
        55.8896880536966
    ],
    "is_uniform_across_examples": false,
    "is_square": false,
    "max_x_dim": 1168,
    "max_y_dim": 1024,
    "max_dim": 1168,
    "min_x_dim": 500,
    "min_y_dim": 500,
    "min_dim": 500,
    "mean_x_dim": 534.3520576382953,
    "mean_y_dim": 630.160581267554,
    "mean_dim": 582.2563194529247,
    "std_x_dim": 75.44893279716189,
    "std_y_dim": 95.98239336374459,
    "std_dim": 98.72891647352454,
    "max_examples_per_class": 258,
    "min_examples_per_class": 40,
    "mean_examples_per_class": 80.2843137254902,
    "std_examples_per_class": 44.059313286456536,
    "examples_per_class": [
        40,
        60,
        40,
        56,
        65,
        45,
        40,
        85,
        46,
        45,
        87,
        87,
        49,
        48,
        49,
        41,
        85,
        82,
        49,
        56,
        40,
        59,
        91,
        42,
        41,
        41,
        40,
        66,
        78,
        85,
        52,
        45,
        46,
        40,
        43,
        75,
        108,
        56,
        41,
        67,
        127,
        59,
        130,
        93,
        40,
        196,
        67,
        71,
        49,
        92,
        258,
        85,
        93,
        61,
        71,
        109,
        67,
        114,
        67,
        109,
        50,
        55,
        54,
        52,
        102,
        61,
        42,
        54,
        54,
        62,
        78,
        96,
        194,
        171,
        120,
        107,
        251,
        137,
        41,
        105,
        166,
        112,
        131,
        86,
        63,
        58,
        63,
        154,
        184,
        82,
        76,
        66,
        46,
        162,
        128,
        91,
        66,
        82,
        63,
        49,
        58,
        48
    ]
}
