{
    "name": "oxford_iiit_pet",
    "full_name": "oxford_iiit_pet/3.1.0",
    "size_mb": 801,
    "num_examples": 7349,
    "num_classes": 37,
    "num_channels": 3,
    "min_pixel_value": 0,
    "max_pixel_value": 255,
    "mean_pixel_value": 111.969562372251,
    "mean_std_pixel_value": 61.157213107278615,
    "mean_pixel_value_per_channel": [
        121.65718310627885,
        114.58619048632809,
        99.66531352414707
    ],
    "mean_std_pixel_value_per_channel": [
        59.352601902827104,
        58.62150506945197,
        59.14974271903296
    ],
    "is_uniform_across_examples": false,
    "is_square": false,
    "max_x_dim": 2606,
    "max_y_dim": 3264,
    "max_dim": 3264,
    "min_x_dim": 103,
    "min_y_dim": 114,
    "min_dim": 103,
    "mean_x_dim": 391.3872635732753,
    "mean_y_dim": 437.23744727173766,
    "mean_dim": 414.31235542250647,
    "std_x_dim": 109.38711721911326,
    "std_y_dim": 115.76799863533003,
    "std_dim": 114.93235095944303,
    "max_examples_per_class": 200,
    "min_examples_per_class": 184,
    "mean_examples_per_class": 198.6216216216216,
    "std_examples_per_class": 3.474628903781232,
    "examples_per_class": [
        198,
        200,
        200,
        200,
        200,
        200,
        200,
        184,
        199,
        200,
        200,
        190,
        196,
        200,
        200,
        200,
        200,
        200,
        199,
        200,
        200,
        200,
        196,
        200,
        200,
        200,
        200,
        200,
        200,
        200,
        199,
        200,
        199,
        200,
        189,
        200,
        200
    ]
}
