{
    "name": "plant_village",
    "full_name": "plant_village/1.0.0",
    "size_mb": 827,
    "num_examples": 54303,
    "num_classes": 38,
    "num_channels": 3,
    "min_pixel_value": 0,
    "max_pixel_value": 255,
    "mean_pixel_value": 115.27960606655252,
    "mean_std_pixel_value": 46.22052915438647,
    "mean_pixel_value_per_channel": [
        117.76009200735935,
        124.76306614915221,
        103.31566004314675
    ],
    "mean_std_pixel_value_per_channel": [
        44.889773481865895,
        38.23901622940607,
        49.06425109280933
    ],
    "is_uniform_across_examples": false,
    "is_square": true,
    "max_x_dim": 256,
    "max_y_dim": 256,
    "max_dim": 256,
    "min_x_dim": 256,
    "min_y_dim": 256,
    "min_dim": 256,
    "mean_x_dim": 256.0,
    "mean_y_dim": 256.0,
    "mean_dim": 256.0,
    "std_x_dim": 0.0,
    "std_y_dim": 0.0,
    "std_dim": 0.0,
    "max_examples_per_class": 5507,
    "min_examples_per_class": 152,
    "mean_examples_per_class": 1429.0263157894738,
    "std_examples_per_class": 1254.8827474444754,
    "examples_per_class": [
        630,
        621,
        275,
        1645,
        1502,
        854,
        1052,
        513,
        1192,
        1162,
        985,
        1180,
        1383,
        423,
        1076,
        5507,
        2297,
        360,
        997,
        1477,
        1000,
        152,
        1000,
        371,
        5090,
        1835,
        456,
        1109,
        2127,
        1000,
        1591,
        1908,
        952,
        1771,
        1676,
        1404,
        373,
        5357
    ]
}
