{
    "name": "stanford_dogs",
    "full_name": "stanford_dogs/0.2.0",
    "size_mb": 778,
    "num_examples": 20580,
    "num_classes": 120,
    "num_channels": 3,
    "min_pixel_value": 0,
    "max_pixel_value": 255,
    "mean_pixel_value": 111.31990942273816,
    "mean_std_pixel_value": 60.727839527160405,
    "mean_pixel_value_per_channel": [
        120.29680514390402,
        115.24630356675179,
        98.4166195575601
    ],
    "mean_std_pixel_value_per_channel": [
        59.57541261092824,
        58.359117074117634,
        57.955757407360856
    ],
    "is_uniform_across_examples": false,
    "is_square": false,
    "max_x_dim": 2562,
    "max_y_dim": 3264,
    "max_dim": 3264,
    "min_x_dim": 100,
    "min_y_dim": 97,
    "min_dim": 97,
    "mean_x_dim": 385.8612244897959,
    "mean_y_dim": 442.5318756073858,
    "mean_dim": 414.1965500485909,
    "std_x_dim": 124.86041256812877,
    "std_y_dim": 142.78883844792,
    "std_dim": 137.08493053766946,
    "max_examples_per_class": 252,
    "min_examples_per_class": 148,
    "mean_examples_per_class": 171.5,
    "std_examples_per_class": 23.123941417212308,
    "examples_per_class": [
        152,
        185,
        252,
        149,
        214,
        188,
        196,
        172,
        172,
        239,
        175,
        195,
        187,
        171,
        159,
        153,
        157,
        148,
        151,
        218,
        182,
        187,
        188,
        196,
        151,
        200,
        232,
        160,
        155,
        164,
        182,
        172,
        179,
        169,
        172,
        185,
        164,
        157,
        197,
        202,
        202,
        197,
        196,
        180,
        182,
        154,
        157,
        155,
        158,
        206,
        183,
        156,
        169,
        186,
        152,
        151,
        150,
        171,
        167,
        152,
        154,
        161,
        155,
        153,
        152,
        150,
        159,
        150,
        159,
        151,
        150,
        150,
        154,
        150,
        150,
        152,
        153,
        154,
        169,
        157,
        153,
        150,
        150,
        152,
        152,
        150,
        184,
        168,
        218,
        151,
        202,
        151,
        156,
        152,
        159,
        156,
        170,
        150,
        178,
        192,
        150,
        209,
        200,
        210,
        195,
        213,
        218,
        219,
        196,
        158,
        153,
        181,
        155,
        151,
        155,
        159,
        155,
        156,
        150,
        169
    ]
}
