{
    "name": "uc_merced",
    "full_name": "uc_merced/2.0.0",
    "size_mb": 317,
    "num_examples": 2100,
    "num_classes": 21,
    "num_channels": 3,
    "min_pixel_value": 0,
    "max_pixel_value": 255,
    "mean_pixel_value": 121.10647779433359,
    "mean_std_pixel_value": 43.007594432206574,
    "mean_pixel_value_per_channel": [
        123.47803224419,
        124.96319675993959,
        114.87820437887096
    ],
    "mean_std_pixel_value_per_channel": [
        44.238157875221745,
        41.69850666766839,
        39.646115769885235
    ],
    "is_uniform_across_examples": false,
    "is_square": false,
    "max_x_dim": 257,
    "max_y_dim": 257,
    "max_dim": 257,
    "min_x_dim": 247,
    "min_y_dim": 242,
    "min_dim": 242,
    "mean_x_dim": 255.93238095238095,
    "mean_y_dim": 255.9247619047619,
    "mean_dim": 255.92857142857142,
    "std_x_dim": 0.7105993765286477,
    "std_y_dim": 0.7616124439235673,
    "std_dim": 0.7365575380122866,
    "max_examples_per_class": 100,
    "min_examples_per_class": 100,
    "mean_examples_per_class": 100.0,
    "std_examples_per_class": 0.0,
    "examples_per_class": [
        100,
        100,
        100,
        100,
        100,
        100,
        100,
        100,
        100,
        100,
        100,
        100,
        100,
        100,
        100,
        100,
        100,
        100,
        100,
        100,
        100
    ]
}
