{
    "name": "visual_domain_decathlon/aircraft",
    "full_name": "visual_domain_decathlon/aircraft/1.1.0",
    "size_mb": 1061,
    "num_examples": 10000,
    "num_classes": 100,
    "num_channels": 3,
    "min_pixel_value": 0,
    "max_pixel_value": 255,
    "mean_pixel_value": 128.6579940536443,
    "mean_std_pixel_value": 49.26075199082364,
    "mean_pixel_value_per_channel": [
        120.96082432934635,
        130.08206758771775,
        134.93109024386663
    ],
    "mean_std_pixel_value_per_channel": [
        44.97764102079701,
        45.059743962230904,
        50.76279400691558
    ],
    "is_uniform_across_examples": false,
    "is_square": false,
    "max_x_dim": 73,
    "max_y_dim": 168,
    "max_dim": 168,
    "min_x_dim": 72,
    "min_y_dim": 95,
    "min_dim": 72,
    "mean_x_dim": 72.0009,
    "mean_y_dim": 106.6722,
    "mean_dim": 89.33655,
    "std_x_dim": 0.029986496961132352,
    "std_y_dim": 4.160931044850419,
    "std_dim": 17.58356858255741,
    "max_examples_per_class": 3333,
    "min_examples_per_class": 66,
    "mean_examples_per_class": 99.00990099009901,
    "std_examples_per_class": 323.3993483540619,
    "examples_per_class": [
        3333,
        67,
        67,
        66,
        67,
        67,
        66,
        67,
        67,
        66,
        67,
        67,
        66,
        67,
        67,
        66,
        67,
        67,
        66,
        67,
        67,
        66,
        67,
        67,
        66,
        67,
        67,
        66,
        67,
        67,
        66,
        67,
        67,
        66,
        67,
        66,
        67,
        67,
        67,
        67,
        66,
        67,
        66,
        67,
        67,
        67,
        66,
        67,
        66,
        67,
        67,
        66,
        67,
        67,
        66,
        67,
        67,
        66,
        67,
        67,
        66,
        67,
        67,
        67,
        66,
        67,
        66,
        67,
        67,
        67,
        67,
        66,
        66,
        67,
        67,
        66,
        67,
        67,
        66,
        67,
        67,
        66,
        67,
        67,
        66,
        67,
        67,
        66,
        67,
        67,
        66,
        67,
        67,
        66,
        66,
        67,
        67,
        67,
        67,
        66,
        67
    ]
}
