{
    "name": "visual_domain_decathlon/dtd",
    "full_name": "visual_domain_decathlon/dtd/1.1.0",
    "size_mb": 1061,
    "num_examples": 5640,
    "num_classes": 47,
    "num_channels": 3,
    "min_pixel_value": 0,
    "max_pixel_value": 255,
    "mean_pixel_value": 120.13326358958395,
    "mean_std_pixel_value": 45.61148114967406,
    "mean_pixel_value_per_channel": [
        133.3796954019404,
        120.20553350887418,
        106.81456185793742
    ],
    "mean_std_pixel_value_per_channel": [
        38.81830577717122,
        38.92182363460133,
        38.23774626050487
    ],
    "is_uniform_across_examples": false,
    "is_square": false,
    "max_x_dim": 153,
    "max_y_dim": 154,
    "max_dim": 154,
    "min_x_dim": 72,
    "min_y_dim": 72,
    "min_dim": 72,
    "mean_x_dim": 76.11578014184397,
    "mean_y_dim": 84.29397163120568,
    "mean_dim": 80.20487588652482,
    "std_x_dim": 9.264450047092199,
    "std_y_dim": 14.587645330308904,
    "std_dim": 12.885473196128341,
    "max_examples_per_class": 1880,
    "min_examples_per_class": 80,
    "mean_examples_per_class": 117.5,
    "std_examples_per_class": 257.08704751503916,
    "examples_per_class": [
        1880,
        80,
        80,
        80,
        80,
        80,
        80,
        80,
        80,
        80,
        80,
        80,
        80,
        80,
        80,
        80,
        80,
        80,
        80,
        80,
        80,
        80,
        80,
        80,
        80,
        80,
        80,
        80,
        80,
        80,
        80,
        80,
        80,
        80,
        80,
        80,
        80,
        80,
        80,
        80,
        80,
        80,
        80,
        80,
        80,
        80,
        80,
        80
    ]
}
