{
    "name": "visual_domain_decathlon/gtsrb",
    "full_name": "visual_domain_decathlon/gtsrb/1.1.0",
    "size_mb": 1061,
    "num_examples": 51839,
    "num_classes": 43,
    "num_channels": 3,
    "min_pixel_value": 0,
    "max_pixel_value": 255,
    "mean_pixel_value": 81.70123071064093,
    "mean_std_pixel_value": 43.94820372460391,
    "mean_pixel_value_per_channel": [
        85.27343476831365,
        79.35486479864716,
        80.47539256496404
    ],
    "mean_std_pixel_value_per_channel": [
        42.26776924991541,
        42.30663935433155,
        44.37766193075344
    ],
    "is_uniform_across_examples": false,
    "is_square": false,
    "max_x_dim": 196,
    "max_y_dim": 104,
    "max_dim": 196,
    "min_x_dim": 72,
    "min_y_dim": 72,
    "min_dim": 72,
    "mean_x_dim": 74.02428673392619,
    "mean_y_dim": 74.17407743204923,
    "mean_dim": 74.09918208298771,
    "std_x_dim": 5.20658402386009,
    "std_y_dim": 3.3916843797202154,
    "std_dim": 4.39449990077229,
    "max_examples_per_class": 12630,
    "min_examples_per_class": 210,
    "mean_examples_per_class": 1178.159090909091,
    "std_examples_per_class": 1874.0551066796036,
    "examples_per_class": [
        12630,
        210,
        1470,
        2010,
        1320,
        2100,
        2160,
        780,
        630,
        420,
        1110,
        1200,
        2220,
        210,
        360,
        330,
        390,
        510,
        270,
        1500,
        600,
        240,
        540,
        2250,
        270,
        450,
        780,
        240,
        689,
        420,
        1200,
        390,
        210,
        2070,
        1410,
        300,
        360,
        240,
        240,
        1980,
        1860,
        420,
        1440,
        1410
    ]
}
