{
    "name": "visual_domain_decathlon/ucf101",
    "full_name": "visual_domain_decathlon/ucf101/1.1.0",
    "size_mb": 1061,
    "num_examples": 13320,
    "num_classes": 101,
    "num_channels": 3,
    "min_pixel_value": 0,
    "max_pixel_value": 255,
    "mean_pixel_value": 126.75825529908708,
    "mean_std_pixel_value": 21.238512880697,
    "mean_pixel_value_per_channel": [
        126.47099517051753,
        127.47988561478128,
        126.32388511196339
    ],
    "mean_std_pixel_value_per_channel": [
        20.328211519896023,
        20.02519119057188,
        19.85426215711327
    ],
    "is_uniform_across_examples": false,
    "is_square": true,
    "max_x_dim": 72,
    "max_y_dim": 72,
    "max_dim": 72,
    "min_x_dim": 72,
    "min_y_dim": 72,
    "min_dim": 72,
    "mean_x_dim": 72.0,
    "mean_y_dim": 72.0,
    "mean_dim": 72.0,
    "std_x_dim": 0.0,
    "std_y_dim": 0.0,
    "std_dim": 0.0,
    "max_examples_per_class": 3783,
    "min_examples_per_class": 72,
    "mean_examples_per_class": 130.58823529411765,
    "std_examples_per_class": 363.67269687155095,
    "examples_per_class": [
        3783,
        101,
        82,
        104,
        97,
        77,
        112,
        107,
        99,
        94,
        112,
        96,
        110,
        93,
        76,
        82,
        112,
        114,
        97,
        73,
        95,
        79,
        99,
        103,
        118,
        77,
        105,
        116,
        77,
        86,
        89,
        89,
        100,
        100,
        97,
        105,
        107,
        100,
        77,
        106,
        86,
        89,
        115,
        91,
        112,
        86,
        81,
        106,
        86,
        105,
        89,
        92,
        90,
        92,
        91,
        76,
        97,
        77,
        80,
        120,
        110,
        115,
        107,
        117,
        77,
        113,
        80,
        72,
        109,
        88,
        72,
        121,
        72,
        83,
        103,
        85,
        101,
        90,
        118,
        98,
        88,
        95,
        72,
        79,
        108,
        96,
        80,
        82,
        93,
        89,
        101,
        72,
        117,
        92,
        87,
        93,
        76,
        81,
        87,
        95,
        107,
        92
    ]
}
