{
    "name": "emnist/balanced",
    "full_name": "emnist/balanced/3.0.0",
    "size_mb": 535,
    "num_examples": 131600,
    "num_classes": 47,
    "num_channels": 1,
    "min_pixel_value": 0,
    "max_pixel_value": 255,
    "mean_pixel_value": 44.66679981662083,
    "mean_std_pixel_value": 83.27445147513312,
    "mean_pixel_value_per_channel": [
        44.66679981662118
    ],
    "mean_std_pixel_value_per_channel": [
        83.27445147513136
    ],
    "is_uniform_across_examples": true,
    "is_square": true,
    "max_x_dim": 28,
    "max_y_dim": 28,
    "max_dim": 28,
    "min_x_dim": 28,
    "min_y_dim": 28,
    "min_dim": 28,
    "mean_x_dim": 28.0,
    "mean_y_dim": 28.0,
    "mean_dim": 28.0,
    "std_x_dim": 0.0,
    "std_y_dim": 0.0,
    "std_dim": 0.0,
    "max_examples_per_class": 2800,
    "min_examples_per_class": 2800,
    "mean_examples_per_class": 2800.0,
    "std_examples_per_class": 0.0,
    "examples_per_class": [
        2800,
        2800,
        2800,
        2800,
        2800,
        2800,
        2800,
        2800,
        2800,
        2800,
        2800,
        2800,
        2800,
        2800,
        2800,
        2800,
        2800,
        2800,
        2800,
        2800,
        2800,
        2800,
        2800,
        2800,
        2800,
        2800,
        2800,
        2800,
        2800,
        2800,
        2800,
        2800,
        2800,
        2800,
        2800,
        2800,
        2800,
        2800,
        2800,
        2800,
        2800,
        2800,
        2800,
        2800,
        2800,
        2800,
        2800
    ]
}
