{
    "name": "emnist/byclass",
    "full_name": "emnist/byclass/3.0.0",
    "size_mb": 535,
    "num_examples": 814255,
    "num_classes": 62,
    "num_channels": 1,
    "min_pixel_value": 0,
    "max_pixel_value": 255,
    "mean_pixel_value": 44.266741120185245,
    "mean_std_pixel_value": 82.77645854265742,
    "mean_pixel_value_per_channel": [
        44.266741120185124
    ],
    "mean_std_pixel_value_per_channel": [
        82.77645854265765
    ],
    "is_uniform_across_examples": true,
    "is_square": true,
    "max_x_dim": 28,
    "max_y_dim": 28,
    "max_dim": 28,
    "min_x_dim": 28,
    "min_y_dim": 28,
    "min_dim": 28,
    "mean_x_dim": 28.0,
    "mean_y_dim": 28.0,
    "mean_dim": 28.0,
    "std_x_dim": 0.0,
    "std_y_dim": 0.0,
    "std_dim": 0.0,
    "max_examples_per_class": 44704,
    "min_examples_per_class": 2213,
    "mean_examples_per_class": 13133.145161290322,
    "std_examples_per_class": 13390.776688364193,
    "examples_per_class": [
        40363,
        44704,
        40072,
        41112,
        39154,
        36606,
        39937,
        41893,
        39579,
        39533,
        7469,
        4526,
        11833,
        5341,
        5785,
        10622,
        2964,
        3673,
        13994,
        4388,
        2850,
        5886,
        10487,
        9588,
        29139,
        9744,
        3018,
        5882,
        24272,
        11396,
        14604,
        5433,
        5501,
        3203,
        5541,
        3165,
        11677,
        6012,
        3286,
        11860,
        28723,
        2961,
        4276,
        10217,
        3152,
        2213,
        2957,
        17853,
        3109,
        13316,
        3215,
        2816,
        3499,
        16425,
        3136,
        21227,
        3312,
        3378,
        3164,
        3292,
        2746,
        3176
    ]
}
