{
    "name": "cycle_gan/maps",
    "full_name": "cycle_gan/maps/2.0.0",
    "size_mb": 1408,
    "num_examples": 4388,
    "num_classes": 2,
    "num_channels": 3,
    "min_pixel_value": 0,
    "max_pixel_value": 255,
    "mean_pixel_value": 145.87785662075007,
    "mean_std_pixel_value": 29.50272770063419,
    "mean_pixel_value_per_channel": [
        146.63460089575062,
        149.25644509141097,
        141.74252387508838
    ],
    "mean_std_pixel_value_per_channel": [
        26.72760132455963,
        25.541896677172836,
        30.950382037839066
    ],
    "is_uniform_across_examples": false,
    "is_square": true,
    "max_x_dim": 600,
    "max_y_dim": 600,
    "max_dim": 600,
    "min_x_dim": 600,
    "min_y_dim": 600,
    "min_dim": 600,
    "mean_x_dim": 600.0,
    "mean_y_dim": 600.0,
    "mean_dim": 600.0,
    "std_x_dim": 0.0,
    "std_y_dim": 0.0,
    "std_dim": 0.0,
    "max_examples_per_class": 2194,
    "min_examples_per_class": 2194,
    "mean_examples_per_class": 2194.0,
    "std_examples_per_class": 0.0,
    "examples_per_class": [
        2194,
        2194
    ]
}
