{
    "name": "cmaterdb/bangla",
    "full_name": "cmaterdb/bangla/1.0.0",
    "size_mb": 0,
    "num_examples": 6000,
    "num_classes": 10,
    "num_channels": 3,
    "min_pixel_value": 0,
    "max_pixel_value": 255,
    "mean_pixel_value": 172.8963916015625,
    "mean_std_pixel_value": 116.84777319768575,
    "mean_pixel_value_per_channel": [
        172.8963916015625,
        172.8963916015625,
        172.8963916015625
    ],
    "mean_std_pixel_value_per_channel": [
        116.84777319768575,
        116.84777319768575,
        116.84777319768575
    ],
    "is_uniform_across_examples": true,
    "is_square": true,
    "max_x_dim": 32,
    "max_y_dim": 32,
    "max_dim": 32,
    "min_x_dim": 32,
    "min_y_dim": 32,
    "min_dim": 32,
    "mean_x_dim": 32.0,
    "mean_y_dim": 32.0,
    "mean_dim": 32.0,
    "std_x_dim": 0.0,
    "std_y_dim": 0.0,
    "std_dim": 0.0,
    "max_examples_per_class": 600,
    "min_examples_per_class": 600,
    "mean_examples_per_class": 600.0,
    "std_examples_per_class": 0.0,
    "examples_per_class": [
        600,
        600,
        600,
        600,
        600,
        600,
        600,
        600,
        600,
        600
    ]
}
