{
    "name": "cmaterdb/devanagari",
    "full_name": "cmaterdb/devanagari/1.0.0",
    "size_mb": 0,
    "num_examples": 3000,
    "num_classes": 10,
    "num_channels": 3,
    "min_pixel_value": 0,
    "max_pixel_value": 255,
    "mean_pixel_value": 182.9639111328125,
    "mean_std_pixel_value": 113.88566072863146,
    "mean_pixel_value_per_channel": [
        182.9639111328125,
        182.9639111328125,
        182.9639111328125
    ],
    "mean_std_pixel_value_per_channel": [
        113.88566072863146,
        113.88566072863146,
        113.88566072863146
    ],
    "is_uniform_across_examples": true,
    "is_square": true,
    "max_x_dim": 32,
    "max_y_dim": 32,
    "max_dim": 32,
    "min_x_dim": 32,
    "min_y_dim": 32,
    "min_dim": 32,
    "mean_x_dim": 32.0,
    "mean_y_dim": 32.0,
    "mean_dim": 32.0,
    "std_x_dim": 0.0,
    "std_y_dim": 0.0,
    "std_dim": 0.0,
    "max_examples_per_class": 300,
    "min_examples_per_class": 300,
    "mean_examples_per_class": 300.0,
    "std_examples_per_class": 0.0,
    "examples_per_class": [
        300,
        300,
        300,
        300,
        300,
        300,
        300,
        300,
        300,
        300
    ]
}
